date,title,link,content
2023-05-11 05:01:05,美中 패권경쟁에 몸살앓는 SK하이닉스 中사업,https://n.news.naver.com/mnews/article/014/0005010331?sid=101,"[




SK하이닉스 우시 공장. [연합뉴스 자료사진] [파이낸셜뉴스] 세계 메모리반도체 시장 침체의 직격탄을 맞으며 1·4분기 역대 최악의 실적을 기록한 SK하이닉스가 미·중 패권전쟁 등 지정학적 리스크까지 겹치며 이중고에 시달리고 있다. 중국 우시와 다롄에서 각각 D램과 낸드플래시 생산시설을 운영 중인 SK하이닉스는 미국의 대중 규제가 갈수록 강화되면서 철수설, 완공지연설 등이 끊임없이 돌며 골머리를 썩고 있다.      ""中 공장 레거시 제품 위주 재편""...SK하이닉스 ""사실무근""  11일 업계에 따르면 SK하이닉스 측은 중국 장쑤성 우시에 위치한 D램 생산공장에서 범용(레거시) 공정 기술 생산 비중을 늘릴 것이라는 시장조사기관의 전망에 대해 ""사실무근""이라고 답했다. 앞서 트렌드포스는 지난 5일 SK하이닉스가 애초 중국 공장 생산라인을 10나노미터급(1㎚=10억분의 1m) 2세대(1y)에서 3세대(1z) 중심으로 전환을 준비 중이었지만, 미국의 대중 반도체 수출규제와 맞물리면서 21나노급 레거시 제품의 생산비중을 높이는 쪽으로 선회했다는 내용의 리포트를 발표했다.   트렌드포스는 해당 리포트에서 SK하이닉스가 중국 공장에서 21나노급 D램 생산라인을 늘려 PC와 서버 등에 쓰이는 DDR3과 DDR4 규격의 D램 생산에 집중할 것으로 전망했다. 현재 PC와 모바일, 서버 분야의 최신제품은 DDR5로 SK하이닉스가 강점을 갖는 분야로 꼽힌다. 지난달 말 1·4분기 실적발표 후 진행된 컨퍼런스콜에서 박명수 D램마케팅담당 부사장은 ""올해 매출 기준으로 DDR5 고용량 모듈은 여섯 배, HBM은 50% 이상 성장이 예상된다""고 긍정적인 전망을 내놓은 바 있다.   업계 관계자는 ""레거시 제품 위주로 감산을 진행 중인 상황에서 수익성 등을 감안했을 때 SK하이닉스가 우시 공장에서 21나노 제품 위주로 재편한다는 것은 사실이 아닐 가능성이 높다""고 말했다. 특히 DDR3는 D램 시장에서 10% 이하를 차지하고 있으며 삼성전자는 지난해까지만 주문을 받는다고 공지하는 등 업계에서는 수익성이 낮은 제품으로 분류되기 때문이다. DDR3는 주로 셋톱박스나 라우터, 모뎀 등 고성능 칩이 필요 없는 네트워킹 제품군에서 활용되고 있다.   SK하이닉스는 우시에서 10나노 중·후반~20나노 초반 D램을, 다롄에서 96단과 144단 낸드플래시를 생산하는 공장을 운영 중이다. 특히 우시공장에서 생산되는 D램은 SK하이닉스 전체 D램 생산량의 48%가량을 책임지는 등 핵심 생산시설 중 하나다.     '다롄 공장' 완공지연설 선그은 SK하이닉스  SK하이닉스가 인텔로부터 인수한 랴오닝성 다롄 공장도 미국의 장비 수출 규제에 발목이 잡히면서 완공지연설이 불거졌다. 해당 의혹에 관해 사우스차이나모닝포스트(SCMP)는 지난 4일 SK하이닉스 관계자가 다롄 공장 매각설을 부인하며 ""공장 건설을 계획대로 완료할 것""이라고 밝혔다고 보도했다.   SK하이닉스는 2020년 90억달러(약 12조원)를 들여 인텔의 낸드플래시 사업부를 인수하며 다롄 공장도 넘겨받았다. 지난해 5월 다롄 2공장을 착공한 SK하이닉스는 당초 올해 3~4월께 완공해 3D 낸드를 양산할 예정이었으나 미국의 장비 수출 규제에 발목이 잡히면서 완공 시기가 늦춰진 것이다.   업계 관계자는 ""반도체 업황 불황에 미국의 대중국 장비 수출 규제까지 겹치면서 불확실성이 높아지자 다롄 제2공장 증설이 늦어지는 것으로 추측된다""면서 ""특히 대부분의 장비를 새로 반입해야 하는 제2공장의 경우 장비 수출 규제가 지금처럼 1년마다 연장 여부가 결정된다면 공격적인 투자가 어려울 것""이라고 내다봤다.   한편 업계에 따르면 반도체 첨단장비의 대 중국 수출을 사실상 금지하는 미국 정부가 중국에서 생산활동을 하는 국내기업에 대해 별도의 장비 반입기준을 검토 중인 것으로 전해지면서 기업들의 숨통이 트일 것으로 전망된다. 삼성전자와 SK하이닉스에 대한 미국의 대중국 반도체장비 수출통제 1년유예 조치가 10월 종료를 앞두고 있는 상황에서 예측가능성이 높아져 중국 내 사업의 운신의 폭이 넓어질 수 있기 때문이다.
		]"
2023-05-11 06:00:05,'반도체 아카데미' 교육생 모집…SK하이닉스·삼성전자 참여,https://n.news.naver.com/mnews/article/001/0013934346?sid=101,"[




발언하는 이창양 산업부 장관(세종=연합뉴스) 김주형 기자 = 이창양 산업통상자원부 장관(왼쪽 세번째)이 20일 오후 수출기업 현장방문으로 세종시에 있는 반도체 제조·장비 업체인 비전세미콘을 방문해 발언하고 있다. 2023.2.20 kjhpress@yna.co.kr(서울=연합뉴스) 이슬기 기자 = 산업통상자원부는 반도체 산업의 '실전형 현장인력'을 양성하기 위해 '반도체 아카데미'의 오프라인 교육생 모집을 시작했다고 11일 밝혔다.    아카데미는 SK하이닉스, 삼성전자, 원익IPS 등 18개 기업의 사내교육 커리큘럼 및 전담 강사를 활용해 '반도체 기초' 5개 과정, '전문가' 27개 과정을 운영할 예정이다.    이번 오프라인 과정에서는 미취업자를 대상으로 반도체 칩설계 및 장비설계를 위한 '파운드리향 반도체 디자인 전문가 양성 과정', '차세대 반도체 장비제어 및 소프트웨어 전문가 양성 과정', '차세대 반도체 장비 설계 전문가 양성 과정' 등을 10주간 운영할 예정이다.     이를 통해 반도체 설계와 장비 등 분야별 전문가를 양성한다는 계획이다.    아카데미 교육생이 모집되면 단계별 심사를 거쳐 교육생을 최종 선발, 오는 6월 말부터 프로그램을 시작한다.    wise@yna.co.kr
]"
2023-05-09 11:29:01,"""HBM 1위 지킨다""…SK하이닉스, 자신감 이유는",https://n.news.naver.com/mnews/article/031/0000745242?sid=105,"[
12단 HBM3, 최고 용량 구현…하반기부터 신제품 공급 시작SK하이닉스가 고대역폭메모리(HBM) 시장에서 1위 리더십을 이어가겠다는 자신감을 드러냈다.SK하이닉스 12단 HBM3 개발진들은 9일 회사 뉴스룸을 통해 공개된 인터뷰에서 ""SK하이닉스가 명실상부 HBM 강자로 자리매김한 만큼 다음 세대인 HBM3E, HBM4에서도 글로벌 1위 자리를 굳건히 해 나가겠다""고 밝혔다.



12단 HBM3 [사진=SK하이닉스 뉴스룸]HBM은 여러 개의 D램 칩을 실리콘관통전극(TSV)으로 수직 연결해 데이터 처리 속도를 혁신적으로 끌어올린 고부가가치, 고성능 제품이다. 빅데이터, 챗GPT 등 인공지능(AI) 서비스 열풍이 거세지면서 이를 지원하는 고성능 반도체 기술 경쟁도 치열해지고 있다.현재 HBM은 1세대(HBM), 2세대(HBM2), 3세대(HBM2E)를 거쳐 4세대(HBM3)까지 개발된 상태다.SK하이닉스는 글로벌 HBM 시장에서 1위를 기록하고 있다. 시장조사업체 트렌드포스에 따르면 지난해 HBM 시장에서 SK하이닉스는 점유율 50%로 1위에 올랐다. 이어 삼성전자(40%), 마이크론(10%) 순이다.SK하이닉스는 기술 혁신을 통한 최고 용량 구현으로 고객사 신뢰를 확보했다고 봤다. SK하이닉스의 12단 HBM3는 제품 안에 적층되는 D램 칩의 개수를 8개(기존 16GB 제품)에서 12개로 늘려 용량을 50% 높였다. 이를 통해 SK하이닉스는 현존 최대 용량 24GB를 구현하면서도 전체 높이는 16GB 제품과 동일하게 유지했다.실제 고객사들의 긍정적인 평가가 잇따르고 있다. AMD 메모리 제품 부문 총괄 책임자인 로먼 키리친스키 부사장은 ""AI 모델이 빠르게 성장하며 초고속, 고용량 메모리에 대한 수요를 이끌고 있다""며 ""이러한 흐름에 발맞춰 새로운 HBM 메모리를 지속 개발해내고 있는 SK하이닉스의 노력에 감사한다""고 밝혔다.김왕수 SK하이닉스 D램상품기획 PL은 ""이 제품을 통해 시스템온칩(SoC) 업체들은 시스템 안에 추가 공간을 확보할 필요 없이 동일 크기의 제품으로 1.5배의 용량 상승 효과를 얻을 수 있다""며 ""많은 고객사가 우리 기술력에 높은 신뢰를 보이고 있고, 회사는 올해 하반기부터 신제품 공급을 시작할 것""이라고 말했다.



SK하이닉스가 개발한 12단 적층 HBM3 [사진=SK하이닉스 ]SK하이닉스는 기존 8단 HBM3 양산 이후 10개월여 만에 12단 HBM3를 개발했다. 40% 얇아진 D램 칩 12장을 기존보다 13% 좁은 간격으로 쌓다 보니 칩을 제어하기 힘들고 공정을 적용하기 어려웠는데, '어드밴스드 MR-MUF' 공정 도입으로 해결했다.권종오 웨이퍼레벨패키지(WLP) BE개발 PL은 ""어드밴스드 MR-MUF는 얇아진 웨이퍼가 휘지 않도록 제어하는 신규 기술이 들어갔다""며 ""또 12단으로 쌓는 과정에서 칩과 칩 사이를 잇는 범프들이 고르게 연결되도록 강한 열을 순간적으로 가해 가접합했고, 진공 상태에서 방열성 높은 신규 EMC 소재를 밀어 넣고 70톤의 압력을 가해 칩 사이사이 좁은 공간에 채워 넣었다""고 설명했다.이어 ""어드밴스드 MR-MUF는 기존 MR-MUF의 장점은 고스란히 살리면서 생산성은 약 3배, 열 방출은 약 2.5배 끌어올렸다""고 강조했다.
]"
2023-05-11 12:02:29,SK하이닉스 방문한 한화진 장관,https://n.news.naver.com/mnews/article/003/0011852814?sid=100,"[




[서울=뉴시스] 한화진 환경부 장관이 10일 경기도 이천시 SK하이닉스를 방문해 공업용수 취수현장과 초수순수 제조공정을 점검하고 있다. (사진=환경부 제공) 2023.05.11. photo@newsis.com *재판매 및 DB 금지[사진 영상 제보받습니다] 공감언론 뉴시스가 독자 여러분의 소중한 제보를 기다립니다. 뉴스 가치나 화제성이 있다고 판단되는 사진 또는 영상을 뉴시스 사진영상부(n-photo@newsis.com)로 보내주시면 적극 반영하겠습니다.
]"
2023-05-12 04:06:28,‘4대강 보 활용’ 띄우려 여주보·SK하이닉스 찾은 환경장관,https://n.news.naver.com/mnews/article/005/0001607935?sid=102,"[
“반도체 공정에 필요한 1급수 공급”  일부선 MB 성과 홍보 그칠까 우려



한화진 환경부 장관이 지난 10일 오후 경기도 여주시 소재 여주보를 방문해 강천보, 여주보, 이포보 등 한강 3개 보 운영현황을 점검하고 있다. 환경부 제공한화진 환경부 장관이 4대강 사업으로 건설된 여주보와 이곳 상류에서 물을 끌어 쓰는 SK하이닉스를 방문해 ‘보의 순기능’을 재차 강조했다. 윤석열정부 출범과 장관 취임 1주년을 기점으로 4대강 사업의 효용성을 정책 전면에 내세우는 모습이다.한 장관은 10일 경기도 여주시에 있는 여주보를 방문해 강천보·여주보·이포보 등 한강 3개 보 운영현황을 점검했다. 곧이어 여주보에서 공업용수를 취수하고 있는 SK하이닉스 이천공장을 찾아 물 환경관리 현황도 살폈다.여주보 등 한강 3개 보는 하천 수위를 일정하게 유지해 보 인근 35개의 취수장과 양수장에 약 3억t의 물을 공급한다. SK하이닉스 이천공장은 여주보 상류 300m 지점 취수장과 광역상수도에서 하루 11만5000t 정도의 물을 끌어와 반도체 생산에 필수적인 초순수 제조공정에 활용 중이다.한 장관은 “초순수를 만들 원수도 수질이 좋아야 초순수의 질이 좋아진다”며 “여주보에서 나오는 물은 1급수로 깨끗하다”고 말했다. 또 “4대강 보는 안정적인 용수 공급과 지역 문화·발전을 견인하는 유용한 국가 기반시설”이라며 “특히 4대강 보 활용에서 공업용수는 산업 육성 발전과 직결된다”고 강조했다.한 장관은 지난 9일 취임 1주년 기자간담회에서도 “(문재인정부의) 보 해체는 과학에 기반한 결정이 아니었다”며 보 유지 의지를 직접 드러냈다. 그동안 4대강 사업을 ‘다목적사업’으로 규정하며 종합적인 평가를 통해 활용 방안을 찾겠다고 얘기했던 것과는 사뭇 다른 태도다. 현 정부 출범 1년을 맞아 국정과제 추진에 속도를 내야 한다는 압박이 작용한 것 아니냐는 해석도 있다. 앞서 윤 대통령은 지난 9일 국무회의에서 “국정기조에 맞추지 않고 애매한 스탠스를 취한다면 과감한 인사조치를 하라”고 지시했었는데, 이를 두고 여권에서는 4대강 보 활용 책임을 맡은 한 장관도 포함된 발언이라는 말이 나왔다.다만 4대강 사업이 이명박정부 당시 추진된 사업인 만큼 과거 정부 성과를 뒷받침하는 데 그칠 수 있다는 일각의 우려도 있다.
		]"
2023-05-04 09:58:01,"“美, 삼성전자·SK하이닉스 中 장비 반입 1년 추가 연장할 듯”",https://n.news.naver.com/mnews/article/023/0003761687?sid=105,"[
FT “동맹국 이익 해치지 않기 위한 결정”



삼성전자 반도체 생산라인. /뉴스1													삼성전자와 SK하이닉스가 내년 하반기까지는 중국 공장에 반도체 장비를 반입할 수 있을 것으로 보인다고 영국 파이낸셜타임스(FT)가 보도했다.FT는 3일(현지 시각) 소식통을 인용해 “미국 정부가 한국 반도체 업체들에 최소 1년 더 중국 공장에 장비를 반입할 수 있도록 허용할 것이라는 메시지를 보냈다”고 밝혔다.앞서 미국은 작년 10월부터 자국의 기술과 부품을 사용한 첨단 반도체 장비의 대중(對中) 수출을 사실상 금지했다. 당시 SK하이닉스와 삼성전자는 1년 유예 조치를 받았는데 이 같은 조치가 1년 더 연장될 가능성이 높다는 얘기다.중국은 한국 반도체 기업의 생산 기지 역할을 하고 있다. 삼성전자는 중국 시안 공장에서 전체 낸드플래시 생산량의 약 40%를 SK하이닉스는 중국 우시 공장에서 전체 D램 생산량의 약 48%를 만들고 있다. 여전히 극자외선(EUV) 노광장비는 반입이 불가하지만, 주요 제품인 범용 반도체 생산에 있어서는 시간을 벌 수 있게 됐다는 분석이 나온다.FT는 미국 정부의 이번 결정을 두고 “중국의 첨단 반도체 확보를 늦추면서 동맹국의 경제적인 이익을 해치지 않기 위한 것”이라고 평가했다. 앞서 조 바이든 미국 대통령은 지난달 26일 윤석열 대통령과 정상회담 뒤 가진 기자회견에서 반도체법이 동맹인 한국에도 피해를 주는 것 아니냐는 질문에 “윈윈이라고 생각한다”며 “반도체법으로 미국에서 상당한 경제 성장을 창출하고 있을 뿐 아니라 한국에서도 일자리를 만들고 있다”고 밝혔다.중국이 최근 마이크론 규제 등을 통해 YMTC와 같은 중국 반도체 기업의 시장점유율을 키우려 하자 이를 견제하기 위한 것이라는 분석도 나온다. FT는 “(미국 정부는) 한국 기업이 중국 경쟁사보다 기술 우위를 유지하는 데 도움이 될 것이라고 판단했다”고 밝혔다.
]"
2023-05-11 08:56:18,"충북인재평생교육원-서원대-SK하이닉스, 환경·생태 평생교육 강화 협약",https://n.news.naver.com/mnews/article/056/0011482775?sid=102,"[
[KBS 청주]충북인재평생교육진흥원과 서원대학교, SK하이닉스가 어제(10일) 환경·생태 평생교육을 강화하기 위한 협약을 했습니다.
]"
2023-05-04 15:58:04,SK하이닉스 수소 통근버스 도입,https://n.news.naver.com/mnews/article/001/0013922466?sid=101,"[




    (서울=연합뉴스) 진연수 기자 = 4일 오후 서울 중구 웨스틴조선 호텔에서 열린 ESG 선도기업 수소 통근버스 전환 업무협약식에서 SK하이닉스 지속가능경영 부사장이 수소 통근버스 도입 관련 발표를 하고 있다. 2023.5.4    jin90@yna.co.kr
]"
2023-05-04 15:26:01,"FT “美, 삼성·SK하이닉스 中 내 장비 반입 1년 연장”",https://n.news.naver.com/mnews/article/030/0003096456?sid=105,"[




ⓒ게티이미지뱅크미국 정부가 삼성전자와 SK하이닉스 대상 중국 공장으로 미국산 장비를 반입할 수 있는 기간을 1년 더 연장하는 방안을 검토 중이라는 보도가 나왔다.파이낸셜타임스(FT)는 3일(현지시간) 복수의 소식통을 인용해 미국 정부가 한국 기업이 적어도 1년 더 중국 현지 공장에 대한 추가 유예를 받을 것이라는 분명한 메시지를 보냈다고 보도했다.지난해 10월 미 정부는 국가 안보를 이유로 중국을 겨냥한 장비 수출 규제를 시작, 삼성전자와 SK하이닉스 중국 현지 공장에 한해 1년간 미국 정부 허가 없이도 장비를 반입할 수 있게 유예 기간을 부여했다. 유예는 9월 말 종료될 예정이다.FT는 우리나라 반도체 기업이 추가 연장 이후 미국산 장비를 어떤 방식으로 중국 내 반입할지는 아직 불분명하다면서도 무기한적인 최종사용 인증을 발급해 반복적 승인을 받아야 하는 부담을 덜어줄 가능성이 있다고 전망했다.삼성전자는 중국 시안과 쑤저우에서 각각 낸드플래시 생산 공장과 반도체 후공정 공장을 운영하고 있다. SK하이닉스는 우시 D램 공장, 충칭 후공정 공장, 다롄 낸드 공장을 가동하고 있다.산업통상자원부와 삼성전자, SK하이닉스는 해당 보도 관련 공식 입장을 내지 않았다. 다만 정부는 한미정상회담 이후 반도체법과 장비 규제 관련 국내 기업 부담을 최소화할 수 있는 전향적 논의가 이뤄지고 있다고 밝혔다.업계 관계자는 “유예 조치가 연장되지 않으면 신규 장비 반입에 어려움을 겪는 것은 물론, 중국공장 내 장비가 고장나더라도 반입 절차가 까다로워져 반도체 생산에 차질을 빚을 수밖에 없다”며 “중국에서 공장을 지속 가동하기 위해서는 해당 규제 완화가 반드시 필요하다”고 말했다.
]"
2023-05-11 16:51:01,"삼성전자·SK하이닉스, HBM 주목하는 이유",https://n.news.naver.com/mnews/article/648/0000016242?sid=105,"[
AI 성장세 힘입어 HBM 수요 급증 전망



/그래픽=비즈워치삼성전자와 SK하이닉스가 메모리 반도체 신규수요를 찾으려 인공지능(AI) 시장에 주목하고 있다. 최근 고성장 중인 AI는 빠른 처리 속도를 필요로 하는 탓에 고성능 메모리 반도체가 필요하다. 삼성전자와 SK하이닉스는 고대역폭메모리(HBM·High Bandwidth Memory) 등 AI에 필요한 고성능 메모리 반도체를 통해 실적 반등과 미래성장 동력까지 확보하겠다는 구상이다. 힘없는 메모리 반도체 가격글로벌 경기침체로 메모리반도체 가격은 지난해부터 악화일로다. 대만 시장조사업체 D램익스체인지에 따르면 PC용 D램 범용제품(DDR4 8Gb)의 4월 평균 고정거래가격은 1.45달러로 전월 대비 19.9% 하락했다. 메모리카드·USB향 낸드플래시 범용제품(128Gb 16Gx8 MLC)의 평균 고정거래가격 역시 전월보다 2.8% 내린 3.82달러로 올해 들어 최저치를 기록했다.



D램 고정가격 추이 / 그래픽=비즈워치이에 따라 메모리반도체가 주력인 삼성전자와 SK하이닉스는 수익성에 타격을 입었다. 삼성전자 DS(Device Solution)사업부문은 올해 1분기 영업손실 4조5800억원을 기록하며, 전년동기 대비 적자잔환했다. 같은 기간 SK하이닉스 역시 영업손실 3조4023억원을 거뒀다.주요 반도체 업체들이 메모리반도체 가격방어를 위해 감산을 통한 공급량 조절에 나섰지만, 당분간 하락세는 지속될 전망이다. 트렌드포스에 따르면 2분기 D램과 낸드플래시 가격이 1분기 대비 각각 13~18%, 8~13%씩 하락할 것으로 내다봤다. 업계에서는 메모리 가격 반등시점을 빨라야 하반기로 보고 있다. 가장 많은 메모리반도체를 생산하고 있는 삼성전자가 1분기부터 감산을 시작해서다. 보통 반도체 감산 효과가 시장에 반영되기까지 3~6개월 정도 걸린다. 업계 관계자는 ""최근 삼성전자까지 감산에 동참하면서 반등 기대감이 높아진 것은 사실""이라며 ""다만 반도체 수요와 공급량이 다시 적정선을 회복할 시기는 쉽게 예측할 수 없다""고 설명했다. 반등 열쇠 HBM 될까삼성전자와 SK하이닉스는 HBM 등 차세대 고성능 메모리 반도체를 통해 실적 개선과 함께 미래 성장동력을 확보하겠다는 계획이다. HBM은 데이터 처리 속도를 대폭 강화한 고성능 D램이다. 여러 개의 D램을 수직으로 연결해 기존 D램에 비해 데이터 처리 속도를 대폭 끌어올렸다. 현재 HBM의 주 수요처는 AI 시장이다. AI를 구동하기 위해선 기존 D램에 비해 빠른 연산 속도를 가진 반도체가 필요해서다.



AI 시장 규모 전망 / 그래픽=비즈워치HBM의 성장 가능성은 AI 시장의 성장세와 비례한다. 시장조사업체 프리시던스 리서치(Precedence Research)는 AI 시장이 지난해 1198억달러(약 158조원)에서 연평균 38.1% 성장해 오는 2030년 1조5910억달러(약 2102조원)까지 성장할 것이라고 내다봤다. 현재 HBM 시장은 삼성전자와 SK하이닉스가 양분하고 있는 구조다. 시장조사업체 트렌드포스에 따르면 지난해 글로벌 HBM 시장 점유율은 SK하이닉스가 50%, 삼성전자가 40%, 마이크론이 10%를 차지한 것으로 추정된다.



2022년 글로벌 HBM 시장 점유율 / 그래픽=비즈워치삼성전자와 SK하이닉스는 미래 먹거리로 HBM을 적극적으로 개발하고 수익성을 제고하겠다는 구상이다. SK하이닉스는 지난달 세계 최초로 D램을 12단으로 쌓아 올린 24GB(기가바이트) 'HBM3' 개발을 마쳤다. HBM3는 제품 안에 쌓는 D램 칩 개수를 8개(기존 16GB 제품)에서 12개로 늘려 용량을 24GB로 늘린 제품이다. 삼성전자는 최근 HBM3 양산 준비를 끝마쳤다. 이 회사는 지난달 26일 '스노우볼트(Snowvolt)'라는 이름의 상표를 출원했다. 스노우볼트는 삼성전자의 차세대 HBM 제품인 'HBM3P'에 대한 상표로 클라우드 서버, 고성능 컴퓨팅, 생성형 AI 등에 사용될 전망이다.업계 관계자는 ""올해 초 챗GPT 발표 이후 실제 HBM 등 고성능 반도체 주문량이 크게 증가했다""며 ""HBM 등 차세대 메모리반도체는 앞으로도 AI나 전장용 등 미래산업에 많이 사용될 것으로 예상되기 때문에 반도체 업체들의 새로운 성장동력이 될 수 있을 것""이라고 설명했다.
]"
2023-05-03 19:08:05,“연차 80% 이상 쓰면 혜택 준다”… SK하이닉스의 위기 탈출법,https://n.news.naver.com/mnews/article/022/0003809154?sid=101,"[
			SK하이닉스가 ‘반도체 한파’를 극복하기 위해 임직원의 연차 소진을 독려하고 휴일 근무를 줄이는 기업문화 개선에 나섰다.     SK하이닉스는 3일 곽노정 대표이사 사장 주관으로 사내 소통 행사를 열고 이같은 내용의 업무 효율화 실행 계획을 밝혔다.     



   경기도 이천시 SK하이닉스 본사 모습. 연합뉴스    업무 효율화 계획엔 연차 휴가의 80% 이상을 사용한 구성원에게 회사가 감사의 의미로 복지 포인트 등 혜택을 제공하는 ‘휴가 사용 리워드 프로그램’이 포함됐다. 또 전 구성원에게 재충전과 자기 계발을 위해 2주 이상의 ‘빅 브레이크’(장기 휴가)를 권장하고, 임원과 팀장이 솔선수범하기로 했다.      SK하이닉스는 업무 시간을 최대한 효율적으로 사용하는 환경을 조성하는 프로그램과 제도적 장치도 마련해 갈 계획이다. 구성원과 회사 모두에 부담이 되는 휴일 근무를 자연스럽게 줄일 수 있어서다.     이같은 계획은 SK하이닉스 구성원이 직접 낸 아이디어를 토대로 짰다. SK하이닉스는 지난달 말 ‘위기 극복을 위한 사내 아이디어 공모전’을 열어 800건이 넘는 제안을 받았다. 이중 구성원의 공감과 호응을 얻은 아이템을 선정해 이달부터 실행하기로 한 것이다.     SK하이닉스 측은 “과거에도 경영 환경이 다운턴 사이클(하강 국면)로 접어들면 구성원의 아이디어를 받아 현장에 적용하면서 어려움을 극복했다”며 “이번에도 구성원 모두가 한마음으로 동참해 위기를 이겨내 보자는 취지로 공모전을 진행했다”고 설명했다.     SK하이닉스는 지난달 26일 공시에서 올해 1분기에만 3조4000억원이 넘는 적자를 기록하며 최악의 성적표를 받았다. SK하이닉스는 올해 2분기부터 반도체 업계의 감산 영향이 본격화할 것으로 기대하며 작년보다 50% 이상 투자는 축소하고, 고성능·고용량 제품을 중심으로 투자를 지속하며 반등을 노릴 계획이다. 증권가에선 SK하이닉스가 하반기부턴 적자를 줄이면서 실적을 개선할 것으로 봤다.     곽 사장은 “진정성 있는 아이디어를 내준 구성원에게 감사하다”며 “모두가 한마음 한뜻으로 동참해 원팀(One-team), 원컴퍼니(One-company)가 되면 지금의 도전을 슬기롭게 극복해 낼 수 있을 것”이라고 강조했다.
]"
2023-05-03 16:31:24,격려사 하는 곽노정 SK하이닉스 사장,https://n.news.naver.com/mnews/article/001/0013920128?sid=105,"[




    (서울=연합뉴스) 곽노정 SK하이닉스 대표이사 사장이 3일 경기도 이천 SK하이닉스 본사에서 열린 사내 소통 행사에서 구성원에게 격려의 말을 전하고 있다. 2023.5.3 [SK하이닉스 제공. 재판매 및 DB 금지]    photo@yna.co.kr
]"
2023-05-09 23:30:01,비장의 무기 꺼낸 삼성·하이닉스…“비싸게 팔아야 많이 남아”,https://n.news.naver.com/mnews/article/009/0005127852?sid=101,"[
모바일·서버용 반도체 등고성능 제품 수요 늘어나저가품 비해 가격방어 우수



 [사진 = 연합뉴스]삼성전자와 SK하이닉스가 고부가 제품인 더블데이터레이트5(DDR5)와 고대역폭 메모리(HBM3) 등 차세대 D램을 앞세워 어두운 반도체 불황의 터널을 지나고 있다. PC와 서버 등 세트업체들이 ‘재고떨이’에 나선 상황에서도 고성능 신제품에 대한 수요는 이어지고 있기 때문이다. 삼성전자와 SK하이닉스 모두 “고부가 반도체에서 활로를 찾겠다”고 밝힌 상황이다.9일 시장조사업체 D램익스체인지에 따르면 범용 제품인 저전력더블데이터레이트4(LPDDR4)에 비해 LPDDR5 등 고부가가치 제품의 평균 고정거래가격 하락 폭이 둔화한 것으로 나타났다.모바일용 LPDDR5 12기가바이트(GB)의 2분기(지난달 말 기준) 평균 고정거래가격은 23.7달러로, 직전 분기보다 17.0% 하락했다. 가격 하락세는 여전히 이어지고 있지만 하락폭은 소폭 둔화했다. 지난해 4분기에는 전 분기보다 18.2%, 올 1분기에는 전 분기보다 17.9% 각각 하락한 바 있다. LPDDR은 스마트폰과 태블릿 등 모바일 기기에 주로 쓰이는 D램이다. LPDDR5는 LPDDR의 최신 규격이다.반면 LPDDR4 가운데 가장 많이 쓰이는 사양으로 알려진 LPDDR4X 4GB 제품은 올 2분기에 가격 하락폭이 되레 커졌다. 올 2분기 LPDDR4X 4GB 평균고정거래가격은 6.2달러로, 직전 분기보다 가격이 19.5% 떨어졌다. 작년 4분기(-19.2%) 하락폭보다 크다.업계에선 고부가 반도체를 중심으로 수요 심리가 일부 회복된 것 아니냐는 분석을 내놓는다. 현재 D램 시장은 기존 DDR4에서 DDR5로 빠르게 옮겨가고 있다. 차세대 D램 규격인 DDR5는 현재 주로 사용하는 DDR4보다 전송 속도가 2배 이상 빠르고, 전력 효율도 30% 이상 높다. 시장조사업체 옴디아에 따르면 올해 전체 D램 시장에서 DDR5가 차지하는 비중은 12%로, 전년(3%)보다 4배 이상 증가할 것으로 예상된다. 그만큼 시장에 재고가 적고 수요가 높은 편이다.노근창 현대차증권 리서치센터장은 “무차별적인 가격 하락이 이어지다가 제품 가격별 디커플링이 나타나는 건 수요 바닥기때 발생하는 현상”이라며 “프리미엄 제품군을 중심으로 실제 수요가 조금씩 발생하고 있다는 걸 암시한다”고 말했다.모바일용 D램뿐 아니라 서버용 D램에서도 비슷한 현상이 벌어지고 있다. D램익스체인지에 따르면 3월 말 기준 고부가 제품인 64GB LRDIMM 평균 고정거래가격은 전달보다 6.84% 떨어졌다. 이는 2월말 기준 전달 대비 하락률(9.30%)보다 둔화됐다. 반면 범용 제품인 32GB RDIMM의 전달 대비 하락폭을 보면 2월(-10.45%)에 이어 3월(-10.00%)도 비슷했다.실제 삼성전자와 SK하이닉스는 고부가 제품에 주력해 적자 터널의 늪을 벗어나려 힘쓰고 있다. 삼성전자는 상대적으로 가격이 낮고 재고가 충분한 DDR4를 중심으로 감산을 진행하고 있다. 지난달 1분기 실적 컨퍼런스콜에서 삼성전자는 “서버향 신규 CPU 출시와 AI 수요 확대에 따른 DDR5 수요 증가세에 적극 대응하고 모바일 하이앤드향 LPDDR5X 수요에도 적극 대응하겠다”고 밝혔다.SK하이닉스는 생성형 인공지능(AI) ‘챗GPT’로 수요가 늘어난 HBM에 주력하고 있다. HBM은 빠른 데이터 처리 속도와 고성능 컴퓨팅 성능을 갖춘 D램이다. SK하이닉스는 최근 세계 최초로 12단을 적층한 24GB HBM3를 개발했다. SK하이닉스는 1분기 실적 컨퍼런스콜에서 “올해 DDR5와 128GB 이상 고용량 서버 모듈 매출이 전년보다 6배 이상, HBM 매출은 50% 이상 성장할 것”이라고 밝혔다.
]"
2023-05-05 08:59:03,SK하이닉스 등 청주 기업 통근버스 55대 수소차로 교체,https://n.news.naver.com/mnews/article/003/0011842070?sid=102,"[




현대 유니버스 FCEV *재판매 및 DB 금지[청주=뉴시스] 이병찬 기자 = SK하이닉스 등 충북 청주 지역 기업들이 통근버스를 친환경 수소차로 교체한다.5일 충북도에 따르면 SK하이닉스와 LG화학 등 청주 소재 기업들이 운영 중인 내연기관 통근버스 55대를 연내에 수소차로 바꾸기로 했다. 현대자동차가 지난달 출시한 수소버스 유니버스FCEV를 도입할 계획이다. 5억 원대 차 값 중 2억9000만 원은 국비로, 9000만 원은 지방비로 지원한다.오염물질 배출이 전혀 없는 수소버스가 1대가 1㎞를 달리면 4.863㎏의 공기를 정화한다. 연간 8만6000㎞를 주행하면 약 418t의 공기를 정화할 수 있는데, 이는 성인 85명이 1년 동안 깨끗한 공기를 마실 수 있는 양이라고 도는 설명했다.도 관계자는 ""내년에는 충주, 음성, 영동 등 도내 시·군으로 사업을 확대할 계획""이라며 ""대형 상용차 수소 충전 편의를 위해 도내 15곳인 수소 충전소도 지속 확충할 것""이라고 말했다.
]"
2023-05-02 10:36:01,"SK하이닉스, 2050년 탄소중립 목표",https://n.news.naver.com/mnews/article/092/0002290840?sid=105,"[
저전력 장비 개발 및 신규 소재 발굴SK하이닉스는 2050년 탄소중립(Net Zero)을 달성하겠다고 2일 밝혔다. 탄소중립이란 이산화탄소를 포함한 온실가스 순배출량을 0으로 만든다는 개념이다.SK하이닉스는 2030년까지 온실가스 직접배출량과 간접배출량을 2020년 수준으로 유지하기로 했다. 재생에너지 사용률은 33%, 에너지 누적 절감 3천GWh, 공정가스 배출량 40% 감축 등을 단계적으로 밟기로 했다.



자료: SK하이닉스SK하이닉스는 저전력 장비를 개발하고 있다. 지난해 협력사와 이너 히터(Inner Heater)를 도입했다. 기존보다 50% 높은 효율로 전력 사용량을 줄이는 데 기여한다고 강조했다. 이너 히터는 장비 배관 겉에 붙은 히터를 배관 안쪽에 넣는 방식으로, 배관 안에 불순물이 생기는 것을 줄여 전력 소모를 줄인다.SK하이닉스는 협력사와 공정가스 사용량을 조절하거나 저전력으로도 처리할 수 있는 공정가스를 개발하는 등 1차 스크러버 처리 효율을 높이고 있다. 1차 스크러버는 반도체 공정에서 생기는 가스와 화합물을 가장 먼저 제거한다. 앞으로 지을 새 공장(Fab)에서 1차 스크러버 온실가스 처리 효율을 개선하고, 전력 사용량을 40% 이상 줄이는 게 목표다.SK하이닉스는 공정가스를 줄일 수 있는 13개 공정을 선별했다. 식각 공정에서는 온실가스 배출량이 적은 공정가스로 대체하고 있다.



SK하이닉스 탄소관리위원회 김영식 위원장이 탄소관리위원회의 설립 배경과 역할에 대해 설명하고 있다.(사진=SK하이닉스)김영식 SK하이닉스 탄소관리위원장(제조·기술담당 부사장)은 “2050년까지 탄소중립을 달성하려면 지금부터 온실가스 저감 기술을 고민하고 개발해야 한다”며 “단기적으로 우리가 가진 자원과 인적 역량을 활용해 온실가스를 절감할 항목을 발굴하고, 장기적으로는 미래 반도체에 온실가스 저감 기술을 접목하는 게 과제”라고 말했다.
]"
2023-05-03 15:42:44,"[단독] SK하이닉스의 비상경영…""연차 소진시 인센티브""",https://n.news.naver.com/mnews/article/421/0006785546?sid=101,"[
곽노정 사장 이천 본사서 '직원 소통 행사'춘·추계행사 및 거점오피스 설치 등 일부 사업도 보류



경기 이천시 SK하이닉스 본사/뉴스1 ⓒ News1 김영운 기자(서울=뉴스1) 강태우 기자 = 유례없는 '반도체 한파'를 겪고 있는 SK하이닉스(000660)가 강도 높은 비용절감에 나섰다. 연차 사용을 활성화하고 신규 거점오피스 설치 등도 보류하기로 했다. 곽노정 SK하이닉스 대표이사 사장은 3일 경기 이천 SK하이닉스 본사에서 '함께하는 더(THE) 소통행사'를 열고 ""모두가 한마음 한뜻으로 동참해 '원팀(One-team), 원컴퍼니(One-company)'가 되면 지금의 도전을 슬기롭게 극복해 낼 수 있을 것""이라고 말했다.SK하이닉스는 분기마다 CEO(최고경영자)가 직접 직원들의 이야기를 듣고 답하는 소통행사를 진행하고 있다. 지난해 12월에도 곽 사장이 PS(초과이익분배금) 규모를 묻는 질문에 답하기도 했다. 이날 개최된 소통행사는 SK하이닉스 국내 전 사업장에 생중계됐다. 직원 복지 관련 이야기도 나왔다. SK하이닉스는 연차 소진 시 추가 복지포인트를 제공하기로 했다. 연차 사용량에 따라 △60만 포인트(100%) △40만 포인트(90% 이상 사용) △20만 포인트(80% 이상 사용)를 지급한다.   기존에는 연차가 남을 경우 직급에 따라 다르지만 통상 1일당 13만~14만원이 나오는 것으로 알려졌다. SK하이닉스 측은 강제가 아닌 독려 차원의 조치라는 설명이다.SK하이닉스 한 직원은 ""연차를 다 쓰면서도 돈(포인트)을 주는 것은 오히려 좋은 것 같다""고 전했다. 반면 다른 직원은 ""연차를 남길 경우 나오는 현금이나, 휴가 사용 시 야근 수당을 줄일 수 있다는 부분에서 회사가 비용절감에 나선 것으로 보인다""고 말했다. 이 밖에도 SK하이닉스는 비상경영체제의 연장선으로 '허리띠 졸라매기'에 나서는 모습이다. 이날 SK하이닉스는 △춘·추계행사 △출·퇴근 우등버스 일부 교체 △서부 거점오피스 추가 설치 등의 사업계획을 보류하기로 했다. 또 올바른 편의식 활용에 구성원들의 자발적 동참을 권장하는 캠페인을 실시한다. 앞서 SK하이닉스는 작년 말부터 '반도체 다운턴(하강국면)'에 대응하고자 비상경영체제에 돌입하며 비용 효율화에 나섰다. 올해 임원·팀장 예산을 전년 대비 각각 50%, 30% 감축한다. 줄어드는 예산은 임원과 팀장의 활동비와 업무추진비, 복리 후생비용 등이다. 당시 SK하이닉스는 해당 사실을 공지하면서 ""더 행복하고 강한 회사를 만들어가자""며 ""임원과 리더부터 솔선수범해 전사 비용 효율화에 나설 것""이라 밝혔다. 이날 곽 사장을 포함한 임원들은 직원과 Q&amp;A(질의응답) 시간도 가졌다. 성과급을 묻는 질문에 대해 어려운 경영환경 탓에 당장 답하기는 어렵다는 의견을 전한 것으로 알려졌다. 한편 SK하이닉스는 올해 1분기 SK하이닉스는 사상 최대인 3조4023억원의 영업손실을 기록하며 2분기 연속 적자를 냈다. 2분기에도 비슷한 규모의 적자가 날 것으로 예상된다. 



곽노정 SK하이닉스 CEO(사장). (SK하이닉스 제공)
]"
2023-05-03 10:00:01,"SK하이닉스 ""100m 육상 10초 깨듯 기술 한계 돌파""",https://n.news.naver.com/mnews/article/092/0002291000?sid=105,"[
차선용 부사장, 과학·정보통신의날 과학기술훈장 혁신장 수훈“과거 남자 육상 100m 경기에서 10초는 인간이 넘어설 수 없는 벽이었으나, 1968년 멕시코 올림픽에서 미국의 짐 하인즈가 9초 95의 기록을 세우며 그 벽을 깨뜨렸다. 그렇게 10초의 벽이 한번 허물어지자 뒤를 이어 많은 사람들이 10초의 벽을 넘어섰다. 이처럼 SK하이닉스가 계속해서 기술 한계를 돌파해내는 기틀을 만들어 가는 것이 나의 꿈이다.”차선용 SK하이닉스 미래기술연구원 담당 부사장은 3일 사내 인터뷰에서 “하나의 기술을 개발하는 일은 필요한 요소 기술 개발부터 시작해 몇 년에 걸친 장기간의 작업”이라며 이같이 말했다.



차선용 SK하이닉스 미래기술연구원 담당 부사장(오른쪽)이 지난달 21일 열린 ‘2023년 과학·정보통신의 날 기념식’에서 과학기술훈장 혁신장을 받고 있다.(사진=SK하이닉스)차 부사장은 지난달 21일 열린 ‘2023년 과학·정보통신의 날 기념식’에서 과학기술훈장 혁신장을 받았다. 과학기술훈장은 국가 과학 기술 발전에 기여한 이에게 주는 최고 영예로, 혁신장은 창조장 다음 두 번째로 상격이 높다.차 부사장의 수훈 업적은 10나노급 D램 테크 플랫폼을 도입해 다음 세대 미세 공정 기틀을 마련하고, 2019년 당시 최고 속도인 고대역폭메모리(HBM)2E를 개발해 초고속 메모리 발전을 주도한 것이다. 또 세계에서 처음으로 16Gb(기가비트) 더블데이터레이트(DDR)5 D램을 출시했다. 10나노급 4세대 저전력(LP)DDR4 D램을 양산할 때 극자외선(EUV) 노광 공정을 도입해 차세대 기술 개발 기반을 조성했다는 평가도 받았다.



SK하이닉스 미래기술연구원 담당 차선용 부사장이 구성원에게 차세대 기술에 대해 설명하고 있다.(사진=SK하이닉스)차 부사장은 지난해 SK하이닉스 미래기술연구원을 맡았다. 미래기술연구원은 메모리 한계를 극복하고, 컴퓨팅 환경 변화에 따른 새로운 기술을 준비하는 연구를 한다.차 부사장은 “인공지능(AI) 컴퓨팅 시대에 들어서면 데이터는 늘고, 이를 효율적으로 처리하기 위한 시장 요구도 커진다”며 “다양한 분야 전문가·기업·학계 등과 경계 없이 협력하겠다”고 강조했다.
]"
2023-05-09 20:14:01,"삼성 “GAA 기반 발전”…SK하이닉스 “메모리, PIM·CIM 진화”",https://n.news.naver.com/mnews/article/030/0003097455?sid=105,"[
			삼성전자가 미래 반도체 로직 기술은 게이트올어라운드(GAA) 기술을 기반으로 선진 공정이 융합돼 발전할 것이라고 전망했다. SK하이닉스는 메모리 반도체가 D램을 수직으로 쌓아 올린 고대역폭메모리(HBM) 이후 PIM(Processing-In-Memory)과 CIM(Computing-In-Memory)으로 진화할 것이라고 예상했다.



김동원 삼성전자 펠로우가 9일 서울 서초구 엘타워에서 ‘로직 소자 기술 동향’을 주제로 발표하고 있다. 이동근 기자 foto@etnews.com김동원 삼성전자 펠로우는 9일 서울 서초구 엘타워에서 열린 과학기술정보통신부 ‘반도체 미래기술 로드맵’ 발표회에서 “반도체 로직 소자 기술은 평판(Planar) FET에서 3차원(3D) 입체구조 칩 설계와 공정인 핀펫(FinFET)과 게이트올어라운드(GAA)로 계속 진화했다”며 “미래에는 GAA 기술을 기반으로 2차원(2D)·3D 기술이 접목, 진화를 거듭할 것”이라고 밝혔다.평판 FET나 핀펫과 달리 GAA가 반도체 미세화 한계 극복을 위한 기술 우위를 유지, 3나노미터(㎚) 이하 초미세 회로에 도입될 트랜지스터 구조로 역할을 지속할 것이라는 관측이다. 삼성전자는 지난해 3㎚ 공정에서 세계 최초로 GAA 기술 ‘멀티 브릿지 채널(MBC)’ FET을 통해 국내외 기업과 기술 리더십과 경쟁력 격차 확대에 시동을 걸었다.GAA 기술 발전은 삼성 파운드리와 TSMC 간 기술 격차 최소화를 궁극적 목표로 한다. 삼성 파운드리는 3㎚ 공정에서 GAA로 TSMC 파운드리와 기술격차를 최소화하고 2㎚ 공정에서 TSMC 기술과 동급 기술을 유지하는 것에서 시작해 TSMC를 앞서는 것을 목표로 하고 있다.삼성전자는 내년 3㎚ 2세대, 2025년 GAA 기반 2㎚ 공정을 적용한 제품을 양산할 계획이다. 3㎚ 2세대 테스트 칩을 제조하는 고객사는 이미 확보했다. 김 펠로우는 “GAA는 확장성을 가진 기술로 저전력 하이 퍼포먼스를 지원한다”며 “삼성 파운드리가 미래 반도체 산업의 가이드가 될 것”이라고 말했다.이어 “GAA는 스케일링 등을 통해 발전을 거듭할 것”이라며 “향후 본딩 기술과 층별 접합 기술, 비용 합리화 등이 GAA 기술 발전의 챌린지가 될 것”이라고 덧붙였다.



최익수 SK하이닉스 부사장이 9일 메모리 반도체 미래 발전 방향에 대해 발표하고 있다.SK하이닉스는 HBM에서 PIM과 CIM으로 메모리 반도체 기술 발전할 것이라고 예상했다. 똑똑한 인공지능(AI)이 나오고 자율주행차 등에서 수집·처리해야 할 데이터가 기하급수적으로 늘어나면 반도체 기술 진화가 불가피하다는 결론이다.최익수 SK하이닉스 부사장(펠로우)은 “인공지능(AI)과 5세대(5G) 이동통신 발전에 따라 메모리 반도체 역할이 확장될 것”이라며 “자율주행차는 그래픽처리장치(GPU) 등 각종 반도체를 필요로 하고 수집되는 정보는 메모리로 저장, 자동차별 시간당 40TB 데이터가 저장되고 자율주행차가 지나가면 메모리 반도체가 지나간다고 얘기할 정도로 메모리 반도체 활용이 늘어날 것”이라고 전했다.최 부사장은 메모리 반도체 수요가 확대될수록 스케일링 등 기술 한계가 발생할 것이라고 예측했다. 한계 극복을 위해 기술은 진화할 수밖에 없고 실제 패터닝 기술이 발전하면서 미세 패터닝을 위한 극자외선(EUV) 장비 도입이 본격화됐고 하이 NA EUV 장비도 대기하고 있다고 부연했다.미세 패터닝이 한계에 다다를 것을 대비, 새로운 스택 기술이 나타나고 대안으로 3D D램 기술도 개발되고 있다. 낸드 플래시의 경우 최근 238단 양산에 이어 300단 이상 기술 개발도 추진하고 있다. 셀 면적을 줄이되 전력 손실을 최소화하는 기술 개발도 진행한다.최 부사장은 “메모리 반도체는 PIM·CIM 등 혁신 기술을 계속 확대, 경쟁력을 유지해야 한다”며 “SK하이닉스는 기술 개발은 물론, ESG(환경·사회·투명) 경영 실현을 추진하고 소재·부품·장비 기업과 동반성장하는 경영을 위한 협력을 진행하고 있다”고 밝혔다.
]"
2023-04-26 08:43:28,"SK하이닉스, 1분기 3.4조 영업손실…2분기 연속 적자",https://n.news.naver.com/mnews/article/003/0011824056?sid=101,"[
기사내용 요약1분기 경영실적 발표…""메모리 업황 둔화 영향""""2분기 반등…하반기부터 시장 환경 개선될 것""고부가제품 판매 확대…프리미엄 리더십 확대



 *재판매 및 DB 금지[서울=뉴시스]이인준 기자 = SK하이닉스는 올해 1분기(1~3월) 매출액 5조881억원, 영업손실 3조4023억원의 경영 실적을 달성했다고 26일 밝혔다. 매출은 전년 동기 12조1557억원 대비 58.1% 감소했고, 영업이익은 2조8639억원에서 적자 전환했다. 순손실은 2조5855억원이다.SK하이닉스는 지난해 4분기(1조8984억원 적자)에 이어 2분기 연속 적자가 누적됐다. 전분기 대비 영업손실률은 24.7%에서 67%로 커졌다. SK하이닉스가 분기 적자를 기록한 것은 2012년 3분기 151억원 영업손실을 기록한 이후 10년 만이다.SK하이닉스는 ""메모리 반도체 다운턴 상황이 1분기에도 지속되며, 수요 부진과 제품 가격 하락 추세가 이어져 당사는 전분기 대비 매출이 감소하고, 영업손실은 확대됐다""고 밝혔다. 회사 측은 ""다만 1분기를 저점으로 점진적으로 판매량이 늘어나면서 2분기에는 매출 실적이 반등할 것으로 보고 있다""면서 ""하반기부터는 시장환경이 개선될 것""이라고 강조했다.SK하이닉스는 1분기 고객이 보유한 재고가 감소세로 돌아섰고, 2분기부터는 메모리 감산에 따른 공급 기업들의 재고도 줄어들 것으로 예상했다. 또 챗GPT 등 AI용 고성능 서버 시장 규모가 커지고, 고용량 메모리를 채용하는 고객이 늘고 있는 점 또한 시장에 긍정적인 영향을 미칠 것으로 분석했다.이에 따라 서버용 DDR5, 고대역폭 메모리(HBM)와 같은 고성능 D램, 176단 낸드 기반의 솔리드스테이트드라이브(SSD), uMCP(모바일 D램과 낸드플래시를 하나로 합친 것) 제품 중심으로 판매에 집중해 매출을 늘려가기로 했다. SK하이닉스는 전사적으로 투자를 줄여가는 상황에서도 AI 등 앞으로 시장 변화를 주도해 나갈 산업에 활용되는 최신 메모리 제품에 대한 투자는 지속한다는 계획이다. 이와 함께 10나노급 5세대(1b) D램, 238단 낸드 등 기존보다 원가 경쟁력이 높은 공정을 통한 양산 준비에 투자하면서 시황 개선 시 실적이 빠르게 반등할 수 있도록 만전을 기할 방침이라고 밝혔다.김우현 SK하이닉스 부사장(CFO)은 ""DDR5·LPDDR5, HBM3 등 올해부터 수요 성장세가 본격화되고 있는 제품 라인업에서 당사가 세계 최고 경쟁력을 확보한 만큼, 이 제품들을 중심으로 프리미엄 시장 리더십을 확고히 하겠다""고 말했다. 김 부사장은 ""여전히 메모리 시장환경은 어려운 것이 사실이지만, 이제 바닥을 지나는 것으로 보인다""며 ""조만간 시장이 수급 균형점을 찾을 것이라 보고, 당사는 수익성 제고와 기술개발에 집중해 기업가치를 회복해 나가도록 최선을 다할 것""이라고 덧붙였다．
]"
2023-04-26 08:26:01,SK하이닉스 1분기 적자 3조4000억...주가는 3%대 상승,https://n.news.naver.com/mnews/article/023/0003760072?sid=101,"[




경기 이천시 SK하이닉스 본사. /뉴스1										SK하이닉스가 반도체 불황의 여파로 창사 이래 최악의 성적표를 받아들었다. SK하이닉스는 올 1분기(1~3월)에 매출 5조 881억원, 영업손실 3조4023억원을 기록했다는 잠정 실적을 26일 발표했다. 작년 1분기 영업이익 2조 8639억원 대비 크게 하락한 수치다. SK하이닉스의 이같은 분기 적자 규모는 창사 이래 처음이다. 다만 반도체 경기가 바닥을 찍었다는 분석이 나오면서, 이날 SK하이닉스 주가는 오전 9시20분 기준 3%대 상승세를 보이고 있다.‘어닝쇼크(earning shock·실적 충격)’의 원인은 주력 사업인 메모리 반도체 시장의 불황이다. 극심한 메모리 수요 절벽과 제품가 폭락의 직격탄을 맞았다. 지난 4분기 1조 8984억원의 영업손실을 기록하며 2012년 3분기 이후 10년만에 처음으로 분기 적자를 낸 이후 상황이 더욱 악화됐다.올해 1분기 매출은 전년 동기 대비 58% 하락한 5조881억원으로 집계됐다. 실적이 이렇게 악화된 건 주력 제품인 D램과 낸드플래시의 가격이 지속 하락하고 있는 게 영향을 미친 것으로 분석된다. 시장조사업체 D램익스체인지에 따르면 D램 가격은(DDR4 8GB 2133기준) 지난해 3월 3.41달러에서 올해 3월 1.81달러까지 떨어졌다. 같은 기간 낸드플래시 가격도 4.81달러에서 3.93달러로 하락했다.SK하이닉스는 반도체 업계가 저점을 찍고 하반기부터는 시장환경이 개선될 것으로 내다봤다. SK하이닉스는 “메모리 반도체 다운턴 상황이 1분기에도 지속되며, 수요 부진과 제품 가격 하락 추세가 이어져 당사는 전분기 대비 매출이 감소하고, 영업손실은 확대됐다”며 “그러나 1분기를 저점으로 점진적으로 판매량이 늘어나면서 2분기에는 매출 실적이 반등할 것으로 보고 있다”고 밝혔다.앞서 SK하이닉스는 지난해부터 감산에 들어갔고 삼성전자도 지난 7일 1분기 잠정 실적을 발표하며 공식적으로 감산 계획을 밝혔다. SK하이닉스는 1분기에 고객이 보유한 재고가 감소세로 돌아서고 있고 2분기부터는 메모리 감산에 따른 공급 기업들의 재고도 줄어들 것으로 예상되는 만큼 하반기부터는 시장환경이 개선될 것으로 전망했다.챗GPT 등 인공지능(AI)용 고성능 서버 시장 규모가 커지고 고용량 메모리 수요가 높아지고 있는 점도 시장에 긍정적으로 작용할 가능성이 높다.이에 따라 SK하이닉스는 서버용 DDR5, HBM과 같은 고성능 D램, 176단 낸드 기반의 SSD, uMCP 제품 중심으로 판매에 집중해 매출을 늘려갈 계획이다.김우현 SK하이닉스 부사장(CFO)은 “여전히 메모리 시장 환경은 어려운 것이 사실이지만 이제 바닥을 지나는 것으로 보인다”며 “DDR5/LPDDR5, HBM3 등 올해부터 수요 성장세가 본격화되고 있는 제품을 중심으로 프리미엄 시장 리더십을 확고히 하겠다”고 말했다.
]"
2023-05-08 17:45:16,[유가증권시장 공시] SK하이닉스 / 대우조선해양,https://n.news.naver.com/mnews/article/009/0005127158?sid=101,"[
			◇SK하이닉스=28억원 규모 자기주식 처분.◇대우조선해양=350억원 삼우중공업 주식 취득.
]"
2023-05-08 14:03:02,'20조 손실' 버티면 웃는다…삼성전자·SK하이닉스 '고진감래' [김익환의 컴퍼니워치],https://n.news.naver.com/mnews/article/015/0004841744?sid=101,"[
삼성전자 반도체·SK하이닉스올해 영업적자 20조 전망올해 바닥찍고 내년 기지개 내년 반도체 시장 800조 성장



삼성전자는 반도체 초격차를 유지하기 위해 매년 50조원 가까운 자금을 시설투자 및 연구개발(R&amp;D)에 투입하고 있다. 사진은 삼성전자 반도체 핵심 생산시설인 평택캠퍼스 전경. 삼성전자  제공반도체은 사이클 산업이다. 위기와 기회가 반복된다. 잘 나갔던 삼성전자 반도체 부문과 SK하이닉스는 올해 총 20조원 규모의 영업손실이 예상된다. 소비가 얼어붙으면서 반도체 가격이 폭락한 결과다. 하지만 내년 반도체 시장은 기지개를 켜면서 두 회사도 흑자전환할 전망이다. 내년 반도체 시장 규모가 사상 처음 6000억달러(약 792조원)를 돌파할 것이라는 관측도 나온다.8일 미국반도체산업협회가 발간한 2023년 팩트북에 따르면 올해 반도체 시장 규모는 전년 대비 3.3% 감소한 5560억달러(약 733조9200억원)로 집계됐다. 반도체 시장 규모가 쪼그라든 것은 2019년 이후 4년 만이다. 하지만 내년 시장 규모는 올해보다 8.3% 증가한 6020억달러(약 794조6400억원)2001~2022년에 연평균 6.67%씩 확대된 반도체 시장이 올해 움츠러든 것은 코로나19 영향과 관계가 깊다는 분석이 나온다. 코로나19 확산 이후 반도체 기업들이 설비 가동률을 낮추거나 설비투자를 줄이면서 2021년 반도체 쇼티지(부족) 사태가 번졌다. 반도체 부족 사태로 몸살을 앓은 빅테크와 자동차 업계는 2021~2022년에 반도체 재고를 넉넉하게 채웠다. 창고에 반도체를 쌓아 둔 이들 기업은 지난해 하반기부터 반도체 구매를 크게 줄였다.여기에 세계 경기가 움츠러들면서 스마트폰·PC·서버 수요도 위축되면서 반도체 수요는 더 줒었다. 올 1분기에 전분기 대비 20%가량 빠진 D램 가격은 올 2분기에도 15~20% 하락할 것으로 전망됐다.



시장이 움츠러들면서 메모리 반도체 1, 2위 기업인 삼성전자와 SK하이닉스도 직격탄을 맞았다. 삼성전자의 반도체 사업을 담당하는 DS부문은 올해 10조원대 영업손실을 기록할 것이란 전망이 나온다. 신한투자증권 하이투자증권 한국투자증권 한화투자증권 KB증권 등이 추정한 삼성전자 DS부문 영업손실의 평균치는 10조5100억원이다. 금융정보업체인 에프앤가이드에 따르면 SK하이닉스의 올해 영업손실 컨센서스(증권사 전망치 평균)는 10조5172억원으로 나타났다.하지만 내년 반도체 시장은 회복세를 보이며 규모가 800조원으로 불어날 전망이다. 올 들어 반도체 기업들이 나란히 생산량을 줄이면서 수급 환경이 개선되고 있고, 스마트폰 서버 업체 등의 반도체 수요도 커질 것으로 예상되기 때문이다. 증권사들이 전망한 삼성전자 DS부문 내년 영업이익은 10조~14조원으로 나타났다. SK하이닉스 영업이익 컨센서스는 4조277억원으로 집계됐다.
]"
2023-05-04 15:29:06,"SK하이닉스, 日서 차세대 ‘나노임프린트’ 장비 도입… “3D 낸드 고도화”",https://n.news.naver.com/mnews/article/366/0000899093?sid=105,"[
2025년 나노임프린트 기술로 3D 낸드 양산 목표200단대 넘어간 3D 낸드 생산성 높인다“테스트 결과 긍정적, 캐논서 장비 추가 주문할 듯”



경기도 이천에 위치한 SK하이닉스 M16 공장 전경. /SK하이닉스 제공        SK하이닉스가 올해 일본 광학장비 기업 캐논으로부터 ‘나노임프린트(NIL) 리소그래피’ 생산장비를 도입해 테스트 중인 것으로 알려졌다. 2025년쯤 해당 장비를 활용해 3D 낸드플래시 양산을 목표로 연구개발(R&amp;D)을 진행 중이며 현재까지 테스트 결과가 긍정적이어서 추가적인 양산용 설비 주문도 이뤄질 전망이다.4일 반도체업계에 따르면 SK하이닉스는 올해 캐논으로부터 NIL 테스트 장비를 구입해 3D 낸드 생산공정에 적용하는 테스트 작업을 진행중이다. 업계 최선단 공정에 활용되고 있는 극자외선(EUV) 노광장비보다도 차세대 장비로 여겨지는 NIL은 그동안 연구개발 수준에서만 다뤄져왔다.차세대 리소그래피(설계 레이아웃이 새겨진 유리 원판 위로 광원을 쏴 감광액이 도포돼 있는 웨이퍼에 회로 패턴을 형성하는 공정) 기술로 각광받아온 NIL은 나노 패턴이 각인된 스탬프를 사용해 마치 도장을 찍듯 실리콘 웨이퍼 위에 나노 패턴을 전사하는 방식이 특징이다.액체인 자외선(UV) 감광액을 실리콘 기판 위에 코팅한 후 투명한 스탬프를 접촉시키고 압력을 가하면 스탬프 사이로 패턴이 형성한다. 이후 광원을 투사해 패턴을 고체화 시킬 수 있음. 저렴한 UV를 광원으로 활용하고 렌즈를 사용하지 않기 때문에 기존 불화아르곤(ArF) 이머전 장비나 최대 2000억원대를 호가하는 EUV 노광 장비를 사용하는 것 보다 경제적이라는 평가다.기존 ArF 장비로 형성할 수 있는 물리적 회로 선폭 한계치는 38나노에 그친다. 주요 반도체 생산 업체들은 이머전 ArF 노광기로 회로 패턴을 두 번 혹은 세 번에 걸쳐 형성하는 더블패터닝 기술을 도입해 20나노 이하까지 선폭을 좁혀왔다. 다만 이런 멀티 패터닝 공정을 도입하면 생산 시간이 길어지고 증착 및 식각 등 도입 장비 수도 늘려야 한다. 이럴 경우 공간을 더 차지하기 때문에 생산 라인의 총 생산 용량이 줄어드는 부정적 효과가 크다.SK하이닉스에 정통한 관계자는 “기존의 ArF 이머전 장비로는 수차례 패터닝을 형성해야 해서 공정 숫자가 늘어나고 이에 따른 생산비용이 증가한다”며 “통상 4회의 멀티 패터닝이 필요한 기존 공정에 비해 제조 비용은 NIL이 훨씬 낫다는 것은 어느 정도 확인됐다”고 설명했다.다만 NIL 기술도 아직 완전한 것은 아니다. 해당 관계자는 “NIL은 EUV와 비교해 패턴 형성의 자유도가 떨어지기 때문에 일정한 패턴을 유지하는 낸드플래시 생산에 우선 적용될 것이며 SK하이닉스가 NIL 장비 구매에 나선 것도 이 때문”이라고 덧붙였다.NIL이 상용화될 경우 SK하이닉스를 비롯한 낸드 제조기업들은 200단대부터 점점 공정 난도가 높아지고 있는 3D 낸드 생산성을 높일 수 있을 것으로 보인다. 3D 낸드의 경우 적층수를 높이기 위해 온갖 종류의 화학약품 처리를 통해 표면장력(surface tension)을 낮추는 것이 관건인데, 200단을 넘어가면서 이 공정이 점점 어려워지고 있다는 설명이다.SK하이닉스 관계자는 “나노 임프린트 기술 상용화와 관련해 아직 확정된 것은 없다”고 설명했다.한편 경쟁사인 삼성전자 역시 멀티 패터닝 공정 도입으로 인한 원가 상승 문제를 해결하기 위해 일찌감치 극자외선(EUV) 노광장비를 도입했으며 이외에도 NIL을 포함한 3~4가지의 솔루션을 개발하고 있는 것으로 알려졌다.
]"
2023-05-03 18:14:49,“HBM으로 불황 뛰어넘자”…삼성전자·SK하이닉스 속도전,https://n.news.naver.com/mnews/article/025/0003277653?sid=101,"[
  



SK하이닉스가 개발한 12단 적층 HBM3. HBM3 현존 최고 용량인 24GB(기가바이트)를 구현했다. 사진 SK하이닉스       최근 실적 부진을 겪고 있는 삼성전자와 SK하이닉스가 고대역폭 메모리(HBM)에서 불황 타개의 실마리를 찾고 있다. 챗GPT 출시 등으로 인공지능(AI) 시장이 커지면서 서버용 메모리 수요가 늘고 있어서다. 고가라 수익성이 높은 데다 향후 전망도 밝아 두 회사의 시장 선점 경쟁이 치열하다.         3일 업계와 특허청 등에 따르면 삼성전자는 지난달 말 ‘스노우볼트’라는 새로운 상표를 출원했다. 삼성전자는 그동안 아쿠아볼트(HBM2), 플래시볼트(HBM2E), 아이스볼트(HBM3) 등 시리즈별로 HBM 브랜드를 붙여 출시해 왔다. 회사 관계자는 “스노우볼트는 앞으로 공개할 HBM의 브랜드명으로 출시 시기는 정해지지 않았다”고 말했다.      삼성전자, ‘스노우볼트’ 상표 출원      삼성전자는 최근 실적 발표 때 고성능 HBM을 준비하고 있다고 밝힌 바 있다. 김재준 삼성전자 메모리사업부 부사장은 “시장이 요구하는 더 높은 성능과 용량의 차세대 HBM3P 제품을 하반기 출시할 계획”이라고 말했다.       



삼성전자는 지난달 말 스노우볼트라는 새로운 상표를 출원했다. 사진 특허청 캡처       HBM은 성능이 좋은 만큼 가격은 더 비싸다. 통상 일반 D램 가격보다 2~3배 정도로 알려졌다. 외신 등에 따르면 올해 들어 HBM3 가격이 5배 이상 오르기도 했다. 최근 D램과 낸드플래시의 가격은 하락해 반도체 기업들의 경영 실적 악화에 큰 영향을 미쳤다. 시장조사업체 D램익스체인지에 따르면 지난달 PC용 D램 범용제품(DDR4 8기가비트) 고정거래 가격은 평균 1.45달러로 전년 동기 대비해 57.5% 급락했다. 기업들이 HBM 같은 고부가가치 제품 비중을 늘려 수익성 개선을 꾀하는 이유다.  SK하이닉스, 하반기 ‘5세대’ 공개 계획     SK하이닉스가 HBM을 세계 최초로 개발한 만큼 시장에서 선두를 달리고 있다. 시장 점유율은 SK하이닉스 50%, 삼성전자 40%, 미국 마이크론 10% 순이다. SK하이닉스는 2013년 첫 개발 이후 1세대부터 4세대(HBM3)까지 제품을 잇달아 선보였다. 지난달 20일에는 세계 최초로 12단 적층 HBM3를 개발했다고 밝혔다. 10단 이상 쌓아 올린 것은 처음으로 용량도 현존 최고 수준인 24GB(기가바이트)를 구현했다. 속도는 최대 초당 819GB로 풀HD 영화 163편을 1초 만에 전송할 수 있다. 이 제품은 엔비디아의 GPU(그래픽처리장치)에 적용됐다.      



그래픽=김영옥 기자 yesok@joongang.co.kr       2025년까지 연평균 45% 성장 전망      SK하이닉스는 HBM 차기 모델을 연이어 출시해 시장을 선도하겠다는 계획이다. 박명수 SK하이닉스 D램 마케팅담당(부사장)은 지난달 26일 실적 설명회에서 “올해 하반기 5세대인 8Gbps(기가비피에스) HBM3E(5세대) 시제품을 공개하겠다”며 내년 상반기 양산을 예고했다. “HBM 시장은 지난해 기준 50% 이상 성장할 것”이라는 전망도 내놨다.      HBM 시장이 전체 D램 시장에서 차지하는 비중은 1.5% 정도지만 빠르게 성장할 전망이다. 시장조사업체 트랜드포스는 HBM 시장 규모는 올해부터 2025년까지 연평균 최대 45% 이상 성장할 것이라고 예상했다. 곽민정 현대차증권 연구원은 “딥러닝 구현을 위한 AI GPU와 관련된 HBM 수요가 점점 증가하고 있다”며 “특히 올해를 기점으로 미국과 중국 빅테크 업체들의 챗GPT 투자 확대에 따른 HBM 수요가 큰 폭 늘 것으로 보인다”고 분석했다.     ☞HBM(High Bandwidth Memory) 메모리 반도체인 D램의 한 종류다. 여러 개의 D램을 블록처럼 위로 쌓아 올려 서로 연결한 구조로 이름처럼 대역폭이 넓어 메모리 처리 속도를 혁신적으로 끌어 올린 게 특징이다. 쉽게 말해 기존 D램에서는 데이터가 1차선 도로로 이동했다면 HBM에서는 더 큰 폭의 5~6차선으로 이동해 속도가 훨씬 빠르다. 챗GPT 등 방대한 데이터 처리를 요구하는 인공지능(AI)를 지원하려면 서버에 그래픽처리장치와 고성능메모리인 HBM 탑재가 필수적이다.    
]"
2023-05-03 17:21:32,비용절감 나선 SK하이닉스…연차 소진하면 혜택 준다,https://n.news.naver.com/mnews/article/009/0005125363?sid=101,"[




 곽노정 SK하이닉스 대표이사 사장이 3일 경기도 이천시 SK하이닉스 본사에서 ‘함께하는 더 소통 행사’를 열고 직원들에게 격려의 말을 전하고 있다. &lt;SK하이닉스&gt;SK하이닉스가 연차를 소진하는 직원에게 복지포인트 등 혜택을 준다. 전례 없는 반도체 불황으로 대규모 영업손실을 기록하면서 SK하이닉스가 비용 절감에 나섰다는 분석이 나온다.곽노정 SK하이닉스 대표이사 사장은 3일 경기도 이천시 SK하이닉스 본사에서 ‘함께하는 더(THE) 소통 행사’를 열고 이런 계획을 공개했다.SK하이닉스는 이날 연차 소진 시 추가 복지 포인트를 주는 ‘휴가 사용 리워드 프로그램’을 도입한다고 밝혔다. 연차 사용량에 따라 △60만포인트(100%) △40만포인트(90% 이상 사용) △20만포인트(80% 이상 사용)를 각각 지급하는 방식이다.SK하이닉스는 또 전 구성원에게 재충전과 자기 계발 차원에서 2주 이상 장기 휴가를 권장하기로 했다. 춘·추계 행사와 출·퇴근 우등버스 교체, 서부 거점오피스 추가 설치 등 비용이 드는 사업 계획은 당분간 미뤄진다.곽 사장은 “모두가 한마음 한뜻으로 동참해 ‘원팀’, ‘원컴퍼니’가 되면 지금의 도전을 슬기롭게 극복해 낼 수 있을 것”이라고 말했다.SK하이닉스는 올해 1분기 3조4023억원의 영업손실을 냈다. 2분기 연속 적자다. 올 2분기에도 비슷한 규모의 적자가 날 것으로 예상된다.
]"
2023-05-08 21:46:02,"SK하이닉스, 재량 근무제 중단에 개발 인력들 ‘뿔났다’ [재계 TALK TALK]",https://n.news.naver.com/mnews/article/024/0000081875?sid=102,"[
			SK하이닉스가 개발 인력 재량 근무제를 올해 안에 중단하기로 결정했다. 개발팀에 적용되던 재량 근무제가 폐지된다는 소식에 내부 조직원 불만이 고조되고 있는 것으로 전해진다.재량 근무제는 유연 근무제의 일종이다. 출퇴근 시간이 자유롭고 일주일 기준 총 근무 시간도 자율로 관리한다. 실제 근무 시간과 관계없이 주당 최대 근로 시간인 52시간을 채운 것으로 간주한다. 따라서 매주 12시간의 초과 근무수당을 지급한다. 현재 D램과 낸드플래시 신제품 R&amp;D를 담당하는 개발 조직에만 적용 중이다.



직원에게 인기가 많은 재량 근무제를 없애기로 하면서 개발 조직 내부에서 불만이 커졌다. 특히 새로 출범하려는 개발팀 구성도 차질을 빚고 있다. 개발팀에 적용되던 재량 근무제를 올해 내 중단하겠다고 밝히면서 지원자가 줄어든 탓이다.TF 형식으로 구성되는 개발팀은 개발이 끝나면 원 소속팀으로 복귀한다. 개발팀은 주말과 야간 근무가 잦고 근무 강도가 높아 자원 인력으로 꾸려진다. 빡센 업무 강도 대신 보상받던 재량 근무제 장점이 사라지면서 우수 인력들이 지원할 동기가 사라지게 된 셈이다.SK하이닉스는 과거에도 재량 근무제를 없앴던 적이 있다. 재량 근무제를 없앤 직후 개발팀 지원자들이 급감해 다시 부활시켰다. 업계 관계자는 “당시 개발 인력들 사이에서는 ‘삼성전자로 이직하면 그만’이라는 얘기까지 나돌았다. 그런데 이번에 또다시 중단 움직임이 일자 직원들 사이에선 사측이 같은 실수를 반복하려 한다는 볼멘소리가 상당하다”고 분위기를 전했다.[본 기사는 매경이코노미 제2208호 (2023.05.10~2023.05.16일자) 기사입니다]
]"
2023-04-26 06:00:00,"SK하이닉스, 1분기 실적 발표…전자업계, 줄줄이 실적 '빨간불'",https://n.news.naver.com/mnews/article/003/0011823811?sid=101,"[




[이천=뉴시스] 김종택 기자 = 경기도 이천시 SK하이닉스 본사 모습. 2023.02.01. jtk@newsis.com[서울=뉴시스]이현주 기자 = SK하이닉스를 비롯해 삼성전기, LG이노텍, LG디스플레이 등 전자업계 주요 기업들이 26일 올 1분기(1~3월) 실적을 발표한다. 지난해 4분기에 이어 올 1분기에도 부진한 실적이 예상되는 가운데 SK하이닉스는 3조원 이상 영업적자를 보일 가능성이 있다. 26일 금융정보업체 에프앤가이드에 따르면 최근 3개월간 증권사에서 발표한 SK하이닉스 1분기 매출액 평균(컨센서스)은 4조8871억원으로 전년 동기 12조1557억원 대비 60% 정도 감소할 전망이다. 특히 영업손실 규모는 3조6645억원으로 추정, 전분기 1조8984억원에 이어 2분기 연속 적자를 낼 것으로 보인다. 영업적자가 4조원을 넘어설 것이라는 전망까지 나온다. 하나증권은 고객사 재고 수준이 여전히 높고, 메모리 반도체 출하가 예상보다 저조하다며 SK하이닉스의 올 1분기 영업손실을 4조1200억원으로 전망했다. 영업적자가 지속돼 2분기에도 3조원 이상 적자를 보일 것이라는 예상도 들린다. 양대 전기 부품회사 실적도 하락할 전망이다. 삼성전기의 1분기 실적 컨센서스는 매출액 2조237억원, 영업이익 1268억원으로 각각 전년 동기 대비 22%, 69% 감소할 조짐이다. 이는 스마트폰, PC 등 세트 수요 감소로 주력 제품인 적층세라믹콘덴서(MLCC) 판매가 부진했기 때문이다. LG이노텍도 1분기 매출 4조5040억원, 영업이익 1376억원으로 전년 동기 대비 매출은 14% 늘었으나 영업이익은 62% 감소할 예정이다. 아이폰14 판매 둔화로 광학솔루션 매출이 감소했고 기판소재 사업부 역시 부진했던 것으로 추정된다. 지난해 2조원 이상의 영업손실을 기록하며 실적 충격을 안겼던 LG디스플레이는 4분기 연속 적자를 이어갈 전망이다. LG디스플레이의 올 1분기 컨센서스는 매출 5조523억원, 영업손실 1조34억원이다. 매출은 전년 동기 대비 22% 감소한 수치이며, 영업손실은 전분기 8757억원보다 적자폭이 더 커질 전망이다. 최근 LCD TV 패널 가격 상승 전환에도 사업 구조조정 여파로 LCD TV 부문 매출이 급격히 감소했고, 전반적인 수요 부진 영향으로 매출액이 큰 폭으로 감소했다는 분석이다. 단 하반기부터 올레드(OLED·유기발광다이오드) 패널 전 사업 부문에서 원가구조 개선이 이뤄져 내년에는 큰 폭 실적 개선이 있다는 예상이다. 한편 SK하이닉스는 이날 오전 9시, LG디스플레이와 삼성전기는 각각 오후 2~3시 콘퍼런스콜(전화회의) 방식으로 기업설명회를 개최한다．
]"
2023-05-03 23:43:01,"""中에 반도체장비 반입 1년 더 연장""…삼성전자·SK하이닉스 한숨 돌리나",https://n.news.naver.com/mnews/article/015/0004840732?sid=101,"[
美, 올 10월 만료 앞두고 유예FT ""동맹국 관계 고려한 듯""



사진=연합뉴스삼성전자와 SK하이닉스가 내년 하반기까지 중국 공장에 반도체 장비를 반입할 수 있게 됐다고 파이낸셜타임스(FT)가 보도했다. 미국 정부가 올 10월 만료되는 장비 반입 기간을 최소 1년 더 연장할 수 있도록 한 것으로 알려졌다.



FT는 3일 “미국이 중국과의 전쟁에서 한국 반도체 칩 제조업체에 대한 지원 신호를 보냈다”는 제목으로 이 같은 내용을 보도했다. FT에 따르면 미국 정부는 삼성전자와 SK하이닉스에 반도체 제조 장비를 들여보낼 수 있도록 비공식적인 메시지를 보냈다.삼성전자는 중국 시안에서 낸드플래시공장을, 쑤저우에서 반도체 후공정(패키지)공장을 운영 중이다. SK하이닉스는 중국 우시에서 D램 메모리 반도체 생산 시설을 갖추고 있다. 다롄에 있는 인텔의 낸드 공장을 인수해 제품을 생산하고 있다.미국은 지난해 10월부터 중국에 첨단 반도체 장비 반입을 금지했는데, SK하이닉스와 삼성전자는 1년 유예 조치를 받았다. 한국 정부는 이후 계속해서 해당 조치를 연장해 달라고 요청해왔다. 이창양 산업통상자원부 장관은 지난달 윤석열 대통령의 방미 기간 지나 러몬도 미 상무부 장관과 만나 중국 내 반도체 장비 반입과 관련해 미국 측이 ‘보다 근본적인 조치’를 취할 것을 요구했다. 양국 장관은 이 자리에서 기업 투자 불확실성과 경영 부담을 최소화하기로 합의했다. 산업부 관계자는 “아직 확정된 건 없지만 분위기가 나쁘지 않다”고 전했다.한국은 최근 중국을 중심으로 한 반도체 수출 감소로 어려움을 겪어왔다. 지난달 전체 반도체 수출액은 63억8000만달러로, 지난해 4월 108억2000만달러보다 약 41% 급감했다. 4월 대중국 수출은 95억2000만달러로 작년 같은 기간보다 26.5% 감소했다. 한국의 중국 수출액 가운데 반도체 비중은 2021년 30.8%에서 올해 1분기 27.1%로 떨어졌다.중국에 반입된 장비는 삼성전자와 SK하이닉스 중국 반도체 라인에서 노후화된 설비를 수리하거나 교체하는 데 쓰일 것으로 예상된다. 극자외선(EUV) 노광장비와 같은 첨단 장비는 여전히 중국에 들여보낼 수 없다. 중국 안에서 반도체 미세공정을 하지 못하도록 하기 위해서다.FT는 미국 정부의 이번 결정을 두고 “중국의 첨단 반도체 확보를 늦추면서 동맹국의 경제적인 이익을 해치지 않기 위한 것”이라고 평가했다. 미국 정부가 한국 기업의 중국 내 반도체 생산으로 중국 기업에 대한 견제 효과를 노린다는 분석도 나온다. 중국이 최근 마이크론테크놀로지 등 미 반도체 기업 규제를 통해 YMTC와 같은 중국 반도체 기업의 시장점유율을 키우려 해서다. FT는 “(미국 정부는) 한국 기업이 중국 경쟁사보다 기술 우위를 유지하는 데 도움이 될 것이라고 판단했다”고 전했다.다만 삼성전자와 SK하이닉스는 미 마이크론과의 관계에서 명확한 입장을 취하기 어려운 상황이다. 미국 정부는 삼성전자와 SK하이닉스가 중국 기업을 견제하길 바라면서도 미국 기업의 입지를 위협하지 말도록 압박을 가하고 있다. 미국 정부는 지난달 중국이 마이크론의 대중국 수출을 금지할 경우 한국 반도체 기업이 대체 공급자가 되지 않도록 해달라고 한국 정부에 요청했다.
]"
2023-04-26 18:28:10,"적자전환 SK하이닉스 ""하반기엔 개선""",https://n.news.naver.com/mnews/article/015/0004837605?sid=101,"[
1분기 3조4023억 영업손실SK하이닉스가 올해 1분기에 SK그룹 편입(2012년) 이후 분기 기준 최대 규모의 영업적자를 기록했다. 메모리반도체 불황으로 제품 가격이 하락하면서 재고 평가손실이 커진 영향으로 분석된다. 



SK하이닉스는 26일 “올해 1분기 영업손실이 3조4023억원을 기록해 전년 동기 대비 적자 전환했다”고 발표했다. 지난해 4분기에 이어 두 분기 연속 적자다. 매출은 5조881억원으로 지난해 같은 기간보다 58.1% 줄었다. 역대 최악의 실적은 메모리반도체 가격 하락과 판매량 감소가 겹친 영향으로 분석된다. D램 고정거래가격은 지난 3월 1.81달러로 1년 전보다 46.9% 급락했다.SK하이닉스는 매출이 올해 2분기부터 늘어날 것으로 전망했다. 감산 효과가 나타나며 반도체 재고가 감소할 것으로 예상되기 때문이다. 본격적인 업황 개선 시기로는 올 하반기를 꼽았다. 김우현 SK하이닉스 최고재무책임자(CFO)는 “올해 2분기부터 재고가 줄어들 것”이라며 “가격이 고점 대비 60% 이상 빠진 만큼 고객사 주문도 늘어날 수 있다”고 말했다.
]"
2023-04-26 17:32:02,"SK하이닉스 3조4천억 적자 …""2분기가 바닥""",https://n.news.naver.com/mnews/article/009/0005122202?sid=105,"[
11년만에 2분기째 적자에도감산효과·고객사 재고축소 등'반도체 한파' 출구신호 감지""불황골 깊어 개선폭도 클것""美, 對中 장비통제 긍정 관측



'반도체 한파'의 직격탄을 맞은 SK하이닉스가 올해 1분기 3조4000억원이 넘는 적자를 기록했다. 그러나 2분기 이후 반등할 것이라는 신호가 곳곳에서 감지되면서 길었던 반도체 혹한기의 출구가 보인다는 기대감이 흘러나오고 있다.26일 SK하이닉스는 연결 기준 올해 1분기 영업손실이 3조4023억원으로 지난해 동기(영업이익 2조8596억원)에 비해 적자 전환했다고 공시했다.이는 지난해 4분기 1조8984억원의 영업손실을 내며 2012년 3분기(240억원 적자) 이후 10년 만에 첫 분기 적자를 낸 데 이어 2개 분기 연속 적자를 기록한 것이다. 2개 분기 연속 적자는 2011년 3분기부터 2012년 1분기까지 3개 분기 연속 적자를 냈던 이후 11년 만이다. 올해 1분기 매출은 5조881억원으로 1년 전에 비해 58% 감소했으며, 당기순손실은 2조5855억원으로 집계됐다. 지난해 1분기 당기순이익은 1조9872억원이었다.SK하이닉스는 ""메모리반도체의 업황 부진이 1분기에도 지속되며 수요 부진과 제품 가격 하락 추세가 이어졌다""며 ""전 분기 대비 매출이 감소하고 영업손실은 확대됐다""고 설명했다.1분기 실적이 최악을 면치 못했지만 SK하이닉스는 2분기부터 매출이 반등할 것으로 보고 있다. 그동안 SK하이닉스를 옥죈 재고 누적·가격 하락·매출 부진 등의 겹악재가 1분기에 저점을 찍고 2분기부터는 해소되는 수순으로 옮겨가고 있다는 신호가 감지됐다는 것이다.우선 메모리반도체의 경우 고객 재고가 올해 1분기를 지나며 전반적으로 감소세를 보이는 것으로 분석됐다. 또 삼성전자의 감산 대열 합류로 2분기부터 메모리반도체 공급 기업들의 감산 효과가 본격적으로 나타나 재고 수준이 하락할 것이란 관측이다.SK하이닉스는 올해 내에 재고 정상화가 이뤄질 것으로 내다보고 있다. 김우현 SK하이닉스 최고재무책임자(CFO) 부사장은 ""이미 메모리 가격이 고점 대비 60% 이상 하락한 만큼 가격 탄력성에 따라 메모리 사용량이 증가할 것""이라며 ""감산에 의한 공급 축소가 맞물리면서 하반기로 갈수록 수급 상황이 개선될 것으로 기대한다""고 말했다. 그는 이어 ""올해 투자 축소로 업계 공급 여력이 줄어들기 때문에 내년에는 제한적인 생산 증가만이 가능한 상황""이라며 ""불황의 골이 깊었던 만큼 호황기의 개선 폭은 상당히 클 것""이라고 덧붙였다.메모리반도체 가격 하락세와 관련해서도 긍정적인 신호가 감지되고 있다는 게 SK하이닉스 측 시각이다. 박명수 SK하이닉스 부사장은 ""(삼성전자의 감산 발표 이후) 고객 심리 변화가 확연하다고 얘기하기는 어렵지만 몇 가지 변화는 있다""며 ""하반기 준비를 위해 구매를 해야 하는지 문의하는 고객이 있었다""고 설명했다.SK하이닉스는 서버에 쓰이는 더블데이터레이트5(DDR5) 시장과 챗GPT 등 인공지능(AI) 서비스에 이용되는 차세대 메모리반도체 고대역폭메모리(HBM) 시장이 올해 본격적으로 성장할 것이라는 관측도 내놓았다.김 부사장은 ""올해 DDR5 128기가바이트(GB) 이상 고용량 서버 모듈 매출은 전년 대비 6배 이상, HBM 매출은 전년 대비 50% 이상 성장할 것으로 예상하고 있다""며 ""내년에는 더욱 확대될 것""이라고 설명했다. 특히 서버 고객이 가진 재고 대부분이 이전 세대인 DDR4 제품이기에 올해 수요는 DDR5를 중심으로 빠르게 늘어날 것으로 내다봤다. 미국의 대중 반도체 장비 수출 통제 유예 조치 연장과 관련해서도 SK하이닉스는 긍정적인 시각을 내놓았다. 김 부사장은 향후 중국 공장 운영에 대해 묻는 질문에 ""장비 수출 통제 자체에 대해서도 유예를 긍정적으로 바라보는 상황이기 때문에 이에 따른 노력을 최대한 할 것""이라고 밝혔다.시장에서는 SK하이닉스가 2분기에 저점을 지날 것이라는 점에 주목했다. 이날 증시에서 SK하이닉스 주가는 전일보다 2.22% 오른 8만7400원에 거래를 마쳤다. 이날 SK하이닉스 주가는 장중 한때 3.74% 오르기도 했다.도현우 NH투자증권 연구원은 ""최근 업계 전반적으로 감산을 결정한 점이 향후 수급에 도움이 돼 올해 3분기부터 메모리 가격이 상승할 것으로 전망된다""며 ""AI 수요 확대도 SK하이닉스에 긍정적""이라고 말했다.
]"
2023-04-26 08:29:38,[2보] '메모리 한파'에 SK하이닉스 1분기 영업손실 3조4천억원,https://n.news.naver.com/mnews/article/001/0013903098?sid=101,"[
SK그룹 편입 이후 사상 최대 적자…""2분기 매출 반등 기대""(서울=연합뉴스) 장하나 기자 = SK하이닉스가 메모리 불황 장기화로 올해 1분기에만 3조4천억원이 넘는 적자를 기록했다. 2012년 SK그룹 편입 이후 사상 최대 적자다.



SK하이닉스 이천 본사[연합뉴스 자료사진]    SK하이닉스는 연결 기준 올해 1분기 영업손실이 3조4천23억원으로 지난해 동기(영업이익 2조8천639억원)와 비교해 적자 전환한 것으로 잠정 집계됐다고 26일 공시했다.       이는 연합인포맥스가 집계한 시장 전망치 3조5천604억원을 4.4% 밑도는 수준이다.    지난해 4분기 1조8천984억원의 영업손실을 내며 2012년 3분기(-240억원) 이후 10년 만에 처음으로 분기 적자를 낸 데 이어 2개 분기 연속 적자를 기록한 셈이다. 2개 분기 적자 규모만 5조원이 넘는다.    매출은 5조881억원으로 작년 동기 대비 58.1% 감소했다.    순손실은 2조5천855억원(순손실률 51%)으로 적자로 돌아섰다.    SK하이닉스는 ""메모리 반도체 다운턴(하강 국면) 상황이 1분기에도 지속되며 수요 부진과 제품 가격 하락 추세가 이어져 전분기 대비 매출이 감소하고, 영업손실은 확대됐다""고 설명했다.    다만 1분기에 고객 보유 재고가 감소세로 돌아섰고, 2분기부터는 메모리 감산에 따른 공급 기업의 재고도 줄어들 것으로 예상되는 만큼 하반기부터 시장 환경이 개선될 것으로 전망했다.    hanajjang@yna.co.kr
]"
2023-04-26 10:14:49,"SK하이닉스 ""中 장비 수출 통제 유예 전망 긍정적""",https://n.news.naver.com/mnews/article/003/0011824356?sid=101,"[




 *재판매 및 DB 금지[서울=뉴시스]이인준 기자 = SK하이닉스는 26일 열린 1분기 실적 발표 콘퍼런스콜을 통해 미국의 대중국 장비 수출 통제 유예 연장에 대해 긍정적으로 전망한다고 밝혔다. 회사 측은 ""중국 내 공장에 대해 안정적인 사업 운영을 추구하고 있다""면서 ""장비 수출 통제 자체에 대해서도 유예를 지금 긍정적으로 바라보고 있는 상황이기 때문에 이에 따른 노력을 최대한 할 수 있도록 하겠다""고 밝혔다. 중국 공장 운영 계획과 관련해 ""지금 장기적으로 지정학적 리스크, 시장의 수요, 운영에 대한 효율성 등 종합적인 부분을 고려해 향후 중국 내 오퍼레이션 계획에 대해 다각도로 검토하고 있다""며 ""현재 상황에서 특별한 변화가 없는 상황""이라고 말했다．
]"
